"product_id","title","url","collection","garment","status","blocker","meta_title","meta_description","description_html"
"352722510","São Miguel Celeste | Blusão Moletom","https://loja.nimbuswear.com.br/produtos/sao-miguel-celeste/","NUVEM","Blusão Moletom","BLOQUEADO POR DADO YOUDRAW","A Central de Ajuda informa material e modelagem, mas não publica a tabela de medidas do moletom sem capuz.","São Miguel Celeste | Blusão Moletom | NIMBUS","São Miguel Celeste em blusão moletom NIMBUS. Modelagem unissex sem capuz. Feita no Brasil, para você.","<p>Para levar a proteção de São Miguel no dia a dia, nas lutas que ninguém vê. O arcanjo entre nuvens, em traço celeste e cores suaves.</p>
<h2>A peça</h2>
<p>50% algodão e 50% poliéster. Modelagem unissex sem capuz. Estampa em DTF. Cores disponíveis: Branca.</p>
<h2>Medidas</h2>
<p>AGUARDA CONFIRMAÇÃO DA YOUDRAW.</p>
<p>Compare as medidas com uma peça sua. Pode haver pequena variação de fabricação.</p>
<h2>Cuidados</h2>
<p>Lavar com água fria e sabão neutro; não usar alvejante, amaciante ou secadora; secar à sombra; passar do avesso.</p>
<h2>Produção e envio</h2>
<p>Feita no Brasil, com rastreio. Chega, após a confirmação do pagamento: São Paulo, 3 a 5 dias úteis; Sudeste, 4 a 6; Sul e Centro-Oeste, 5 a 7; Norte e Nordeste, 6 a 12. O prazo do checkout para o seu CEP prevalece.</p>
<p>Esta peça destina 10% do lucro ao projeto social da sua escolha, no checkout.</p>"
"352723243","São Miguel Celeste | Camiseta Premium","https://loja.nimbuswear.com.br/produtos/sao-miguel-celeste3/","NUVEM","Camiseta Premium","PRONTO PARA REVISÃO FINAL","","São Miguel Celeste | Camiseta Premium | NIMBUS","São Miguel Celeste em camiseta premium NIMBUS. Modelagem ajustada unissex. Feita no Brasil, para você.","<p>Para levar a proteção de São Miguel no dia a dia, nas lutas que ninguém vê. O arcanjo entre nuvens, em traço celeste e cores suaves.</p>
<h2>A peça</h2>
<p>100% algodão penteado, fio 30/1. Modelagem ajustada unissex. Estampa em DTG. Cores disponíveis: Branca.</p>
<h2>Medidas</h2>
<p>P 49,5x70,5; M 52,5x72; G 54x75,5; GG 60,5x81,5; EG 63x85 cm (largura x altura).</p>
<p>Compare as medidas com uma peça sua. Pode haver pequena variação de fabricação.</p>
<h2>Cuidados</h2>
<p>Lavar com água fria e sabão neutro; não usar alvejante, amaciante ou secadora; secar à sombra; passar do avesso.</p>
<h2>Produção e envio</h2>
<p>Feita no Brasil, com rastreio. Chega, após a confirmação do pagamento: São Paulo, 3 a 5 dias úteis; Sudeste, 4 a 6; Sul e Centro-Oeste, 5 a 7; Norte e Nordeste, 6 a 12. O prazo do checkout para o seu CEP prevalece.</p>
<p>Esta peça destina 10% do lucro ao projeto social da sua escolha, no checkout.</p>"
"352722685","São Miguel Celeste | Moletom Canguru","https://loja.nimbuswear.com.br/produtos/sao-miguel-celeste1/","NUVEM","Moletom Canguru","PRONTO PARA REVISÃO FINAL","","São Miguel Celeste | Moletom Canguru | NIMBUS","São Miguel Celeste em moletom canguru NIMBUS. Modelagem unissex com capuz e bolso canguru. Feita no Brasil, para você.","<p>Para levar a proteção de São Miguel no dia a dia, nas lutas que ninguém vê. O arcanjo entre nuvens, em traço celeste e cores suaves.</p>
<h2>A peça</h2>
<p>50% algodão e 50% poliéster, com gramatura informada de 300 g. Modelagem unissex com capuz e bolso canguru. Estampa em DTF. Cores disponíveis: Branca.</p>
<h2>Medidas</h2>
<p>P 52x60; M 55x64; G 58x65; GG 61x65; EG 69x70 cm (largura x altura).</p>
<p>Compare as medidas com uma peça sua. Pode haver pequena variação de fabricação.</p>
<h2>Cuidados</h2>
<p>Lavar com água fria e sabão neutro; não usar alvejante, amaciante ou secadora; secar à sombra; passar do avesso.</p>
<h2>Produção e envio</h2>
<p>Feita no Brasil, com rastreio. Chega, após a confirmação do pagamento: São Paulo, 3 a 5 dias úteis; Sudeste, 4 a 6; Sul e Centro-Oeste, 5 a 7; Norte e Nordeste, 6 a 12. O prazo do checkout para o seu CEP prevalece.</p>
<p>Esta peça destina 10% do lucro ao projeto social da sua escolha, no checkout.</p>"
"352720257","Acima de Tudo Gótico | Camiseta Oversized Premium","https://loja.nimbuswear.com.br/produtos/acima-de-tudo-gotico/","RELIQUIA","Camiseta Oversized Premium","PRONTO PARA REVISÃO FINAL","Resolvido em 2026-07-29 por decisão do dono: vale a Central de Ajuda da YouDraw (240 g, consultada em 2026-07-21); as páginas de 165 g do marketplace são antigas.","Acima de Tudo Gótico | Camiseta Oversized Premium | NIMBUS","Acima de Tudo Gótico em camiseta oversized premium NIMBUS. Modelagem oversized unissex, mangas 3/4 e caimento solto. Feita no Brasil, para você.","<p>Para declarar a fé em letra pequena e firme. Acima de Tudo em gótica compacta com cruz, no peito, em duas cores.</p>
<h2>A peça</h2>
<p>100% algodão, com gramatura informada de 240 g. Modelagem oversized unissex, mangas 3/4 e caimento solto. Estampa em DTG. Cores disponíveis: Preta | Off-White.</p>
<h2>Medidas</h2>
<p>P 62x78; M 64x80; G 66x82; GG 68x84; EG 70x86 cm (largura x altura).</p>
<p>Compare as medidas com uma peça sua. Pode haver pequena variação de fabricação.</p>
<h2>Cuidados</h2>
<p>Lavar com água fria e sabão neutro; não usar alvejante, amaciante ou secadora; secar à sombra; passar do avesso.</p>
<h2>Produção e envio</h2>
<p>Feita no Brasil, com rastreio. Chega, após a confirmação do pagamento: São Paulo, 3 a 5 dias úteis; Sudeste, 4 a 6; Sul e Centro-Oeste, 5 a 7; Norte e Nordeste, 6 a 12. O prazo do checkout para o seu CEP prevalece.</p>
<p>Esta peça destina 10% do lucro ao projeto social da sua escolha, no checkout.</p>"
"352719728","Aparecida Barroca | Blusão Moletom","https://loja.nimbuswear.com.br/produtos/aparecida-barroca/","RELIQUIA","Blusão Moletom","BLOQUEADO POR DADO YOUDRAW","A Central de Ajuda informa material e modelagem, mas não publica a tabela de medidas do moletom sem capuz.","Aparecida Barroca | Blusão Moletom | NIMBUS","Aparecida Barroca em blusão moletom NIMBUS. Modelagem unissex sem capuz. Feita no Brasil, para você.","<p>Para vestir a padroeira à altura da imagem. Aparecida em arte barroca com filigrana dourada e azulejo português.</p>
<h2>A peça</h2>
<p>50% algodão e 50% poliéster. Modelagem unissex sem capuz. Estampa em DTF. Cores disponíveis: Branca.</p>
<h2>Medidas</h2>
<p>AGUARDA CONFIRMAÇÃO DA YOUDRAW.</p>
<p>Compare as medidas com uma peça sua. Pode haver pequena variação de fabricação.</p>
<h2>Cuidados</h2>
<p>Lavar com água fria e sabão neutro; não usar alvejante, amaciante ou secadora; secar à sombra; passar do avesso.</p>
<h2>Produção e envio</h2>
<p>Feita no Brasil, com rastreio. Chega, após a confirmação do pagamento: São Paulo, 3 a 5 dias úteis; Sudeste, 4 a 6; Sul e Centro-Oeste, 5 a 7; Norte e Nordeste, 6 a 12. O prazo do checkout para o seu CEP prevalece.</p>
<p>Esta peça destina 10% do lucro ao projeto social da sua escolha, no checkout.</p>"
"352890896","Aparecida Barroca | Camiseta Oversized Premium","https://loja.nimbuswear.com.br/produtos/aparecida-barroca2/","RELIQUIA","Camiseta Oversized Premium","PRONTO PARA REVISÃO FINAL","Resolvido em 2026-07-29 por decisão do dono: vale a Central de Ajuda da YouDraw (240 g, consultada em 2026-07-21); as páginas de 165 g do marketplace são antigas.","Aparecida Barroca | Camiseta Oversized Premium | NIMBUS","Aparecida Barroca em camiseta oversized premium NIMBUS. Modelagem oversized unissex, mangas 3/4 e caimento solto. Feita no Brasil, para você.","<p>Para vestir a padroeira à altura da imagem. Aparecida em arte barroca com filigrana dourada e azulejo português.</p>
<h2>A peça</h2>
<p>100% algodão, com gramatura informada de 240 g. Modelagem oversized unissex, mangas 3/4 e caimento solto. Estampa em DTG. Cores disponíveis: Preta | Off-White.</p>
<h2>Medidas</h2>
<p>P 62x78; M 64x80; G 66x82; GG 68x84; EG 70x86 cm (largura x altura).</p>
<p>Compare as medidas com uma peça sua. Pode haver pequena variação de fabricação.</p>
<h2>Cuidados</h2>
<p>Lavar com água fria e sabão neutro; não usar alvejante, amaciante ou secadora; secar à sombra; passar do avesso.</p>
<h2>Produção e envio</h2>
<p>Feita no Brasil, com rastreio. Chega, após a confirmação do pagamento: São Paulo, 3 a 5 dias úteis; Sudeste, 4 a 6; Sul e Centro-Oeste, 5 a 7; Norte e Nordeste, 6 a 12. O prazo do checkout para o seu CEP prevalece.</p>
<p>Esta peça destina 10% do lucro ao projeto social da sua escolha, no checkout.</p>"
"352720127","Aparecida Barroca | Camiseta Premium","https://loja.nimbuswear.com.br/produtos/aparecida-barroca3/","RELIQUIA","Camiseta Premium","PRONTO PARA REVISÃO FINAL","","Aparecida Barroca | Camiseta Premium | NIMBUS","Aparecida Barroca em camiseta premium NIMBUS. Modelagem ajustada unissex. Feita no Brasil, para você.","<p>Para vestir a padroeira à altura da imagem. Aparecida em arte barroca com filigrana dourada e azulejo português.</p>
<h2>A peça</h2>
<p>100% algodão penteado, fio 30/1. Modelagem ajustada unissex. Estampa em DTG. Cores disponíveis: Branca.</p>
<h2>Medidas</h2>
<p>P 49,5x70,5; M 52,5x72; G 54x75,5; GG 60,5x81,5; EG 63x85 cm (largura x altura).</p>
<p>Compare as medidas com uma peça sua. Pode haver pequena variação de fabricação.</p>
<h2>Cuidados</h2>
<p>Lavar com água fria e sabão neutro; não usar alvejante, amaciante ou secadora; secar à sombra; passar do avesso.</p>
<h2>Produção e envio</h2>
<p>Feita no Brasil, com rastreio. Chega, após a confirmação do pagamento: São Paulo, 3 a 5 dias úteis; Sudeste, 4 a 6; Sul e Centro-Oeste, 5 a 7; Norte e Nordeste, 6 a 12. O prazo do checkout para o seu CEP prevalece.</p>
<p>Esta peça destina 10% do lucro ao projeto social da sua escolha, no checkout.</p>"
"352719816","Aparecida Barroca | Moletom Canguru","https://loja.nimbuswear.com.br/produtos/aparecida-barroca1/","RELIQUIA","Moletom Canguru","PRONTO PARA REVISÃO FINAL","","Aparecida Barroca | Moletom Canguru | NIMBUS","Aparecida Barroca em moletom canguru NIMBUS. Modelagem unissex com capuz e bolso canguru. Feita no Brasil, para você.","<p>Para vestir a padroeira à altura da imagem. Aparecida em arte barroca com filigrana dourada e azulejo português.</p>
<h2>A peça</h2>
<p>50% algodão e 50% poliéster, com gramatura informada de 300 g. Modelagem unissex com capuz e bolso canguru. Estampa em DTF. Cores disponíveis: Branca.</p>
<h2>Medidas</h2>
<p>P 52x60; M 55x64; G 58x65; GG 61x65; EG 69x70 cm (largura x altura).</p>
<p>Compare as medidas com uma peça sua. Pode haver pequena variação de fabricação.</p>
<h2>Cuidados</h2>
<p>Lavar com água fria e sabão neutro; não usar alvejante, amaciante ou secadora; secar à sombra; passar do avesso.</p>
<h2>Produção e envio</h2>
<p>Feita no Brasil, com rastreio. Chega, após a confirmação do pagamento: São Paulo, 3 a 5 dias úteis; Sudeste, 4 a 6; Sul e Centro-Oeste, 5 a 7; Norte e Nordeste, 6 a 12. O prazo do checkout para o seu CEP prevalece.</p>
<p>Esta peça destina 10% do lucro ao projeto social da sua escolha, no checkout.</p>"
"352717960","Azulejo Sagrado | Blusão Moletom","https://loja.nimbuswear.com.br/produtos/azulejo/","RELIQUIA","Blusão Moletom","BLOQUEADO POR DADO YOUDRAW","A Central de Ajuda informa material e modelagem, mas não publica a tabela de medidas do moletom sem capuz.","Azulejo Sagrado | Blusão Moletom | NIMBUS","Azulejo Sagrado em blusão moletom NIMBUS. Modelagem unissex sem capuz. Feita no Brasil, para você.","<p>Para carregar no peito a catequese que o Brasil aprendeu na parede da igreja. Azulejo azul e branco, cruz central e filigrana dourada.</p>
<h2>A peça</h2>
<p>50% algodão e 50% poliéster. Modelagem unissex sem capuz. Estampa em DTF. Cores disponíveis: Branca.</p>
<h2>Medidas</h2>
<p>AGUARDA CONFIRMAÇÃO DA YOUDRAW.</p>
<p>Compare as medidas com uma peça sua. Pode haver pequena variação de fabricação.</p>
<h2>Cuidados</h2>
<p>Lavar com água fria e sabão neutro; não usar alvejante, amaciante ou secadora; secar à sombra; passar do avesso.</p>
<h2>Produção e envio</h2>
<p>Feita no Brasil, com rastreio. Chega, após a confirmação do pagamento: São Paulo, 3 a 5 dias úteis; Sudeste, 4 a 6; Sul e Centro-Oeste, 5 a 7; Norte e Nordeste, 6 a 12. O prazo do checkout para o seu CEP prevalece.</p>
<p>Esta peça destina 10% do lucro ao projeto social da sua escolha, no checkout.</p>"
"352718275","Azulejo Sagrado | Camiseta Premium","https://loja.nimbuswear.com.br/produtos/azulejo3/","RELIQUIA","Camiseta Premium","PRONTO PARA REVISÃO FINAL","","Azulejo Sagrado | Camiseta Premium | NIMBUS","Azulejo Sagrado em camiseta premium NIMBUS. Modelagem ajustada unissex. Feita no Brasil, para você.","<p>Para carregar no peito a catequese que o Brasil aprendeu na parede da igreja. Azulejo azul e branco, cruz central e filigrana dourada.</p>
<h2>A peça</h2>
<p>100% algodão penteado, fio 30/1. Modelagem ajustada unissex. Estampa em DTG. Cores disponíveis: Branca.</p>
<h2>Medidas</h2>
<p>P 49,5x70,5; M 52,5x72; G 54x75,5; GG 60,5x81,5; EG 63x85 cm (largura x altura).</p>
<p>Compare as medidas com uma peça sua. Pode haver pequena variação de fabricação.</p>
<h2>Cuidados</h2>
<p>Lavar com água fria e sabão neutro; não usar alvejante, amaciante ou secadora; secar à sombra; passar do avesso.</p>
<h2>Produção e envio</h2>
<p>Feita no Brasil, com rastreio. Chega, após a confirmação do pagamento: São Paulo, 3 a 5 dias úteis; Sudeste, 4 a 6; Sul e Centro-Oeste, 5 a 7; Norte e Nordeste, 6 a 12. O prazo do checkout para o seu CEP prevalece.</p>
<p>Esta peça destina 10% do lucro ao projeto social da sua escolha, no checkout.</p>"
"352718083","Azulejo Sagrado | Moletom Canguru","https://loja.nimbuswear.com.br/produtos/azulejo1/","RELIQUIA","Moletom Canguru","PRONTO PARA REVISÃO FINAL","","Azulejo Sagrado | Moletom Canguru | NIMBUS","Azulejo Sagrado em moletom canguru NIMBUS. Modelagem unissex com capuz e bolso canguru. Feita no Brasil, para você.","<p>Para carregar no peito a catequese que o Brasil aprendeu na parede da igreja. Azulejo azul e branco, cruz central e filigrana dourada.</p>
<h2>A peça</h2>
<p>50% algodão e 50% poliéster, com gramatura informada de 300 g. Modelagem unissex com capuz e bolso canguru. Estampa em DTF. Cores disponíveis: Branca.</p>
<h2>Medidas</h2>
<p>P 52x60; M 55x64; G 58x65; GG 61x65; EG 69x70 cm (largura x altura).</p>
<p>Compare as medidas com uma peça sua. Pode haver pequena variação de fabricação.</p>
<h2>Cuidados</h2>
<p>Lavar com água fria e sabão neutro; não usar alvejante, amaciante ou secadora; secar à sombra; passar do avesso.</p>
<h2>Produção e envio</h2>
<p>Feita no Brasil, com rastreio. Chega, após a confirmação do pagamento: São Paulo, 3 a 5 dias úteis; Sudeste, 4 a 6; Sul e Centro-Oeste, 5 a 7; Norte e Nordeste, 6 a 12. O prazo do checkout para o seu CEP prevalece.</p>
<p>Esta peça destina 10% do lucro ao projeto social da sua escolha, no checkout.</p>"
"352717723","Brasão NIMBUS | Camiseta Oversized Premium","https://loja.nimbuswear.com.br/produtos/brasao/","RELIQUIA","Camiseta Oversized Premium","PRONTO PARA REVISÃO FINAL","Resolvido em 2026-07-29 por decisão do dono: vale a Central de Ajuda da YouDraw (240 g, consultada em 2026-07-21); as páginas de 165 g do marketplace são antigas.","Brasão NIMBUS | Camiseta Oversized Premium | NIMBUS","Brasão NIMBUS em camiseta oversized premium NIMBUS. Modelagem oversized unissex, mangas 3/4 e caimento solto. Feita no Brasil, para você.","<p>Para carregar um brasão de fé nas costas. Cruz gótica ornamentada, NIMBUS acima e Acima de Tudo na faixa, com toque de dourado.</p>
<h2>A peça</h2>
<p>100% algodão, com gramatura informada de 240 g. Modelagem oversized unissex, mangas 3/4 e caimento solto. Estampa em DTG. Cores disponíveis: Preta | Off-White.</p>
<h2>Medidas</h2>
<p>P 62x78; M 64x80; G 66x82; GG 68x84; EG 70x86 cm (largura x altura).</p>
<p>Compare as medidas com uma peça sua. Pode haver pequena variação de fabricação.</p>
<h2>Cuidados</h2>
<p>Lavar com água fria e sabão neutro; não usar alvejante, amaciante ou secadora; secar à sombra; passar do avesso.</p>
<h2>Produção e envio</h2>
<p>Feita no Brasil, com rastreio. Chega, após a confirmação do pagamento: São Paulo, 3 a 5 dias úteis; Sudeste, 4 a 6; Sul e Centro-Oeste, 5 a 7; Norte e Nordeste, 6 a 12. O prazo do checkout para o seu CEP prevalece.</p>
<p>Esta peça destina 10% do lucro ao projeto social da sua escolha, no checkout.</p>"
"352717837","Brasão NIMBUS | Camiseta Premium","https://loja.nimbuswear.com.br/produtos/brasao1/","RELIQUIA","Camiseta Premium","PRONTO PARA REVISÃO FINAL","","Brasão NIMBUS | Camiseta Premium | NIMBUS","Brasão NIMBUS em camiseta premium NIMBUS. Modelagem ajustada unissex. Feita no Brasil, para você.","<p>Para carregar um brasão de fé nas costas. Cruz gótica ornamentada, NIMBUS acima e Acima de Tudo na faixa, com toque de dourado.</p>
<h2>A peça</h2>
<p>100% algodão penteado, fio 30/1. Modelagem ajustada unissex. Estampa em DTG. Cores disponíveis: Preta | Branca.</p>
<h2>Medidas</h2>
<p>P 49,5x70,5; M 52,5x72; G 54x75,5; GG 60,5x81,5; EG 63x85 cm (largura x altura).</p>
<p>Compare as medidas com uma peça sua. Pode haver pequena variação de fabricação.</p>
<h2>Cuidados</h2>
<p>Lavar com água fria e sabão neutro; não usar alvejante, amaciante ou secadora; secar à sombra; passar do avesso.</p>
<h2>Produção e envio</h2>
<p>Feita no Brasil, com rastreio. Chega, após a confirmação do pagamento: São Paulo, 3 a 5 dias úteis; Sudeste, 4 a 6; Sul e Centro-Oeste, 5 a 7; Norte e Nordeste, 6 a 12. O prazo do checkout para o seu CEP prevalece.</p>
<p>Esta peça destina 10% do lucro ao projeto social da sua escolha, no checkout.</p>"
"352703276","Deus é Fiel | Camiseta Oversized Premium","https://loja.nimbuswear.com.br/produtos/deus-e-fiel/","RELIQUIA","Camiseta Oversized Premium","PRONTO PARA REVISÃO FINAL","Resolvido em 2026-07-29 por decisão do dono: vale a Central de Ajuda da YouDraw (240 g, consultada em 2026-07-21); as páginas de 165 g do marketplace são antigas.","Deus é Fiel | Camiseta Oversized Premium | NIMBUS","Deus é Fiel em camiseta oversized premium NIMBUS. Modelagem oversized unissex, mangas 3/4 e caimento solto. Feita no Brasil, para você.","<p>Para carregar todo dia uma promessa que não falha. Deus é Fiel em letra gótica, em arco, com cruz e toque de dourado.</p>
<h2>A peça</h2>
<p>100% algodão, com gramatura informada de 240 g. Modelagem oversized unissex, mangas 3/4 e caimento solto. Estampa em DTG. Cores disponíveis: Preta.</p>
<h2>Medidas</h2>
<p>P 62x78; M 64x80; G 66x82; GG 68x84; EG 70x86 cm (largura x altura).</p>
<p>Compare as medidas com uma peça sua. Pode haver pequena variação de fabricação.</p>
<h2>Cuidados</h2>
<p>Lavar com água fria e sabão neutro; não usar alvejante, amaciante ou secadora; secar à sombra; passar do avesso.</p>
<h2>Produção e envio</h2>
<p>Feita no Brasil, com rastreio. Chega, após a confirmação do pagamento: São Paulo, 3 a 5 dias úteis; Sudeste, 4 a 6; Sul e Centro-Oeste, 5 a 7; Norte e Nordeste, 6 a 12. O prazo do checkout para o seu CEP prevalece.</p>
<p>Esta peça destina 10% do lucro ao projeto social da sua escolha, no checkout.</p>"
"352703343","Deus é Fiel | Camiseta Premium","https://loja.nimbuswear.com.br/produtos/deus-e-fiel1/","RELIQUIA","Camiseta Premium","PRONTO PARA REVISÃO FINAL","","Deus é Fiel | Camiseta Premium | NIMBUS","Deus é Fiel em camiseta premium NIMBUS. Modelagem ajustada unissex. Feita no Brasil, para você.","<p>Para carregar todo dia uma promessa que não falha. Deus é Fiel em letra gótica, em arco, com cruz e toque de dourado.</p>
<h2>A peça</h2>
<p>100% algodão penteado, fio 30/1. Modelagem ajustada unissex. Estampa em DTG. Cores disponíveis: Preta.</p>
<h2>Medidas</h2>
<p>P 49,5x70,5; M 52,5x72; G 54x75,5; GG 60,5x81,5; EG 63x85 cm (largura x altura).</p>
<p>Compare as medidas com uma peça sua. Pode haver pequena variação de fabricação.</p>
<h2>Cuidados</h2>
<p>Lavar com água fria e sabão neutro; não usar alvejante, amaciante ou secadora; secar à sombra; passar do avesso.</p>
<h2>Produção e envio</h2>
<p>Feita no Brasil, com rastreio. Chega, após a confirmação do pagamento: São Paulo, 3 a 5 dias úteis; Sudeste, 4 a 6; Sul e Centro-Oeste, 5 a 7; Norte e Nordeste, 6 a 12. O prazo do checkout para o seu CEP prevalece.</p>
<p>Esta peça destina 10% do lucro ao projeto social da sua escolha, no checkout.</p>"
"352702858","Fé Acima de Tudo | Camiseta Oversized Premium","https://loja.nimbuswear.com.br/produtos/fe-acima-de-tudo/","RELIQUIA","Camiseta Oversized Premium","PRONTO PARA REVISÃO FINAL","Resolvido em 2026-07-29 por decisão do dono: vale a Central de Ajuda da YouDraw (240 g, consultada em 2026-07-21); as páginas de 165 g do marketplace são antigas.","Fé Acima de Tudo | Camiseta Oversized Premium | NIMBUS","Fé Acima de Tudo em camiseta oversized premium NIMBUS. Modelagem oversized unissex, mangas 3/4 e caimento solto. Feita no Brasil, para você.","<p>Para afirmar o essencial sem levantar a voz. Fé Acima de Tudo em letra gótica, cruz e auréola dourada, acabamento vintage.</p>
<h2>A peça</h2>
<p>100% algodão, com gramatura informada de 240 g. Modelagem oversized unissex, mangas 3/4 e caimento solto. Estampa em DTG. Cores disponíveis: Preta | Off-White.</p>
<h2>Medidas</h2>
<p>P 62x78; M 64x80; G 66x82; GG 68x84; EG 70x86 cm (largura x altura).</p>
<p>Compare as medidas com uma peça sua. Pode haver pequena variação de fabricação.</p>
<h2>Cuidados</h2>
<p>Lavar com água fria e sabão neutro; não usar alvejante, amaciante ou secadora; secar à sombra; passar do avesso.</p>
<h2>Produção e envio</h2>
<p>Feita no Brasil, com rastreio. Chega, após a confirmação do pagamento: São Paulo, 3 a 5 dias úteis; Sudeste, 4 a 6; Sul e Centro-Oeste, 5 a 7; Norte e Nordeste, 6 a 12. O prazo do checkout para o seu CEP prevalece.</p>
<p>Esta peça destina 10% do lucro ao projeto social da sua escolha, no checkout.</p>"
"352703153","Fé Acima de Tudo | Camiseta Premium","https://loja.nimbuswear.com.br/produtos/fe-acima-de-tudo1/","RELIQUIA","Camiseta Premium","PRONTO PARA REVISÃO FINAL","","Fé Acima de Tudo | Camiseta Premium | NIMBUS","Fé Acima de Tudo em camiseta premium NIMBUS. Modelagem ajustada unissex. Feita no Brasil, para você.","<p>Para afirmar o essencial sem levantar a voz. Fé Acima de Tudo em letra gótica, cruz e auréola dourada, acabamento vintage.</p>
<h2>A peça</h2>
<p>100% algodão penteado, fio 30/1. Modelagem ajustada unissex. Estampa em DTG. Cores disponíveis: Preta | Branca.</p>
<h2>Medidas</h2>
<p>P 49,5x70,5; M 52,5x72; G 54x75,5; GG 60,5x81,5; EG 63x85 cm (largura x altura).</p>
<p>Compare as medidas com uma peça sua. Pode haver pequena variação de fabricação.</p>
<h2>Cuidados</h2>
<p>Lavar com água fria e sabão neutro; não usar alvejante, amaciante ou secadora; secar à sombra; passar do avesso.</p>
<h2>Produção e envio</h2>
<p>Feita no Brasil, com rastreio. Chega, após a confirmação do pagamento: São Paulo, 3 a 5 dias úteis; Sudeste, 4 a 6; Sul e Centro-Oeste, 5 a 7; Norte e Nordeste, 6 a 12. O prazo do checkout para o seu CEP prevalece.</p>
<p>Esta peça destina 10% do lucro ao projeto social da sua escolha, no checkout.</p>"
"352702753","Monograma NIMBUS | Camiseta Oversized Premium","https://loja.nimbuswear.com.br/produtos/monograma-nmb/","RELIQUIA","Camiseta Oversized Premium","PRONTO PARA REVISÃO FINAL","Resolvido em 2026-07-29 por decisão do dono: vale a Central de Ajuda da YouDraw (240 g, consultada em 2026-07-21); as páginas de 165 g do marketplace são antigas.","Monograma NIMBUS | Camiseta Oversized Premium | NIMBUS","Monograma NIMBUS em camiseta oversized premium NIMBUS. Modelagem oversized unissex, mangas 3/4 e caimento solto. Feita no Brasil, para você.","<p>Para quem gosta de assinatura discreta. O monograma NMB em letra gótica, com cruz e auréola, no peito.</p>
<h2>A peça</h2>
<p>100% algodão, com gramatura informada de 240 g. Modelagem oversized unissex, mangas 3/4 e caimento solto. Estampa em DTG. Cores disponíveis: Preta | Off-White.</p>
<h2>Medidas</h2>
<p>P 62x78; M 64x80; G 66x82; GG 68x84; EG 70x86 cm (largura x altura).</p>
<p>Compare as medidas com uma peça sua. Pode haver pequena variação de fabricação.</p>
<h2>Cuidados</h2>
<p>Lavar com água fria e sabão neutro; não usar alvejante, amaciante ou secadora; secar à sombra; passar do avesso.</p>
<h2>Produção e envio</h2>
<p>Feita no Brasil, com rastreio. Chega, após a confirmação do pagamento: São Paulo, 3 a 5 dias úteis; Sudeste, 4 a 6; Sul e Centro-Oeste, 5 a 7; Norte e Nordeste, 6 a 12. O prazo do checkout para o seu CEP prevalece.</p>
<p>Esta peça destina 10% do lucro ao projeto social da sua escolha, no checkout.</p>"
"352702796","Monograma NIMBUS | Camiseta Premium","https://loja.nimbuswear.com.br/produtos/monograma-nmb1/","RELIQUIA","Camiseta Premium","PRONTO PARA REVISÃO FINAL","","Monograma NIMBUS | Camiseta Premium | NIMBUS","Monograma NIMBUS em camiseta premium NIMBUS. Modelagem ajustada unissex. Feita no Brasil, para você.","<p>Para quem gosta de assinatura discreta. O monograma NMB em letra gótica, com cruz e auréola, no peito.</p>
<h2>A peça</h2>
<p>100% algodão penteado, fio 30/1. Modelagem ajustada unissex. Estampa em DTG. Cores disponíveis: Preta | Branca.</p>
<h2>Medidas</h2>
<p>P 49,5x70,5; M 52,5x72; G 54x75,5; GG 60,5x81,5; EG 63x85 cm (largura x altura).</p>
<p>Compare as medidas com uma peça sua. Pode haver pequena variação de fabricação.</p>
<h2>Cuidados</h2>
<p>Lavar com água fria e sabão neutro; não usar alvejante, amaciante ou secadora; secar à sombra; passar do avesso.</p>
<h2>Produção e envio</h2>
<p>Feita no Brasil, com rastreio. Chega, após a confirmação do pagamento: São Paulo, 3 a 5 dias úteis; Sudeste, 4 a 6; Sul e Centro-Oeste, 5 a 7; Norte e Nordeste, 6 a 12. O prazo do checkout para o seu CEP prevalece.</p>
<p>Esta peça destina 10% do lucro ao projeto social da sua escolha, no checkout.</p>"
"352702020","Salmo 19 | Camiseta Premium","https://loja.nimbuswear.com.br/produtos/salmo-193/","RELIQUIA","Camiseta Premium","PRONTO PARA REVISÃO FINAL","","Salmo 19 | Camiseta Premium | NIMBUS","Salmo 19 em camiseta premium NIMBUS. Modelagem ajustada unissex. Feita no Brasil, para você.","<p>Para vestir a Palavra: os céus proclamam a glória de Deus. Letra gótica em arco e textura de pôster antigo.</p>
<h2>A peça</h2>
<p>100% algodão penteado, fio 30/1. Modelagem ajustada unissex. Estampa em DTG. Cores disponíveis: Preta | Branca.</p>
<h2>Medidas</h2>
<p>P 49,5x70,5; M 52,5x72; G 54x75,5; GG 60,5x81,5; EG 63x85 cm (largura x altura).</p>
<p>Compare as medidas com uma peça sua. Pode haver pequena variação de fabricação.</p>
<h2>Cuidados</h2>
<p>Lavar com água fria e sabão neutro; não usar alvejante, amaciante ou secadora; secar à sombra; passar do avesso.</p>
<h2>Produção e envio</h2>
<p>Feita no Brasil, com rastreio. Chega, após a confirmação do pagamento: São Paulo, 3 a 5 dias úteis; Sudeste, 4 a 6; Sul e Centro-Oeste, 5 a 7; Norte e Nordeste, 6 a 12. O prazo do checkout para o seu CEP prevalece.</p>
<p>Esta peça destina 10% do lucro ao projeto social da sua escolha, no checkout.</p>"
"352619175","Salmo 19 | Moletom Canguru","https://loja.nimbuswear.com.br/produtos/salmo-191/","RELIQUIA","Moletom Canguru","PRONTO PARA REVISÃO FINAL","","Salmo 19 | Moletom Canguru | NIMBUS","Salmo 19 em moletom canguru NIMBUS. Modelagem unissex com capuz e bolso canguru. Feita no Brasil, para você.","<p>Para vestir a Palavra: os céus proclamam a glória de Deus. Letra gótica em arco e textura de pôster antigo.</p>
<h2>A peça</h2>
<p>50% algodão e 50% poliéster, com gramatura informada de 300 g. Modelagem unissex com capuz e bolso canguru. Estampa em DTF. Cores disponíveis: Preta | Branca.</p>
<h2>Medidas</h2>
<p>P 52x60; M 55x64; G 58x65; GG 61x65; EG 69x70 cm (largura x altura).</p>
<p>Compare as medidas com uma peça sua. Pode haver pequena variação de fabricação.</p>
<h2>Cuidados</h2>
<p>Lavar com água fria e sabão neutro; não usar alvejante, amaciante ou secadora; secar à sombra; passar do avesso.</p>
<h2>Produção e envio</h2>
<p>Feita no Brasil, com rastreio. Chega, após a confirmação do pagamento: São Paulo, 3 a 5 dias úteis; Sudeste, 4 a 6; Sul e Centro-Oeste, 5 a 7; Norte e Nordeste, 6 a 12. O prazo do checkout para o seu CEP prevalece.</p>
<p>Esta peça destina 10% do lucro ao projeto social da sua escolha, no checkout.</p>"
"352718943","São Jorge Neobarroco | Camiseta Oversized Premium","https://loja.nimbuswear.com.br/produtos/sao-jorge-neobarroco2/","RELIQUIA","Camiseta Oversized Premium","PRONTO PARA REVISÃO FINAL","Resolvido em 2026-07-29 por decisão do dono: vale a Central de Ajuda da YouDraw (240 g, consultada em 2026-07-21); as páginas de 165 g do marketplace são antigas.","São Jorge Neobarroco | Camiseta Oversized Premium | NIMBUS","São Jorge Neobarroco em camiseta oversized premium NIMBUS. Modelagem oversized unissex, mangas 3/4 e caimento solto. Feita no Brasil, para você.","<p>Para pedir a proteção do guerreiro com pompa de altar. São Jorge e o dragão em arte barroca com filigrana dourada.</p>
<h2>A peça</h2>
<p>100% algodão, com gramatura informada de 240 g. Modelagem oversized unissex, mangas 3/4 e caimento solto. Estampa em DTG. Cores disponíveis: Preta | Off-White.</p>
<h2>Medidas</h2>
<p>P 62x78; M 64x80; G 66x82; GG 68x84; EG 70x86 cm (largura x altura).</p>
<p>Compare as medidas com uma peça sua. Pode haver pequena variação de fabricação.</p>
<h2>Cuidados</h2>
<p>Lavar com água fria e sabão neutro; não usar alvejante, amaciante ou secadora; secar à sombra; passar do avesso.</p>
<h2>Produção e envio</h2>
<p>Feita no Brasil, com rastreio. Chega, após a confirmação do pagamento: São Paulo, 3 a 5 dias úteis; Sudeste, 4 a 6; Sul e Centro-Oeste, 5 a 7; Norte e Nordeste, 6 a 12. O prazo do checkout para o seu CEP prevalece.</p>
<p>Esta peça destina 10% do lucro ao projeto social da sua escolha, no checkout.</p>"
"352718999","São Jorge Neobarroco | Camiseta Premium","https://loja.nimbuswear.com.br/produtos/sao-jorge-neobarroco3/","RELIQUIA","Camiseta Premium","PRONTO PARA REVISÃO FINAL","","São Jorge Neobarroco | Camiseta Premium | NIMBUS","São Jorge Neobarroco em camiseta premium NIMBUS. Modelagem ajustada unissex. Feita no Brasil, para você.","<p>Para pedir a proteção do guerreiro com pompa de altar. São Jorge e o dragão em arte barroca com filigrana dourada.</p>
<h2>A peça</h2>
<p>100% algodão penteado, fio 30/1. Modelagem ajustada unissex. Estampa em DTG. Cores disponíveis: Preta | Branca.</p>
<h2>Medidas</h2>
<p>P 49,5x70,5; M 52,5x72; G 54x75,5; GG 60,5x81,5; EG 63x85 cm (largura x altura).</p>
<p>Compare as medidas com uma peça sua. Pode haver pequena variação de fabricação.</p>
<h2>Cuidados</h2>
<p>Lavar com água fria e sabão neutro; não usar alvejante, amaciante ou secadora; secar à sombra; passar do avesso.</p>
<h2>Produção e envio</h2>
<p>Feita no Brasil, com rastreio. Chega, após a confirmação do pagamento: São Paulo, 3 a 5 dias úteis; Sudeste, 4 a 6; Sul e Centro-Oeste, 5 a 7; Norte e Nordeste, 6 a 12. O prazo do checkout para o seu CEP prevalece.</p>
<p>Esta peça destina 10% do lucro ao projeto social da sua escolha, no checkout.</p>"
"352718787","São Jorge Neobarroco | Moletom Canguru","https://loja.nimbuswear.com.br/produtos/sao-jorge-neobarroco1/","RELIQUIA","Moletom Canguru","PRONTO PARA REVISÃO FINAL","","São Jorge Neobarroco | Moletom Canguru | NIMBUS","São Jorge Neobarroco em moletom canguru NIMBUS. Modelagem unissex com capuz e bolso canguru. Feita no Brasil, para você.","<p>Para pedir a proteção do guerreiro com pompa de altar. São Jorge e o dragão em arte barroca com filigrana dourada.</p>
<h2>A peça</h2>
<p>50% algodão e 50% poliéster, com gramatura informada de 300 g. Modelagem unissex com capuz e bolso canguru. Estampa em DTF. Cores disponíveis: Preta | Branca.</p>
<h2>Medidas</h2>
<p>P 52x60; M 55x64; G 58x65; GG 61x65; EG 69x70 cm (largura x altura).</p>
<p>Compare as medidas com uma peça sua. Pode haver pequena variação de fabricação.</p>
<h2>Cuidados</h2>
<p>Lavar com água fria e sabão neutro; não usar alvejante, amaciante ou secadora; secar à sombra; passar do avesso.</p>
<h2>Produção e envio</h2>
<p>Feita no Brasil, com rastreio. Chega, após a confirmação do pagamento: São Paulo, 3 a 5 dias úteis; Sudeste, 4 a 6; Sul e Centro-Oeste, 5 a 7; Norte e Nordeste, 6 a 12. O prazo do checkout para o seu CEP prevalece.</p>
<p>Esta peça destina 10% do lucro ao projeto social da sua escolha, no checkout.</p>"
"352618837","São Jorge Vintage | Blusão Moletom","https://loja.nimbuswear.com.br/produtos/sao-jorge-vintage/","RELIQUIA","Blusão Moletom","BLOQUEADO POR DADO YOUDRAW","A Central de Ajuda informa material e modelagem, mas não publica a tabela de medidas do moletom sem capuz.","São Jorge Vintage | Blusão Moletom | NIMBUS","São Jorge Vintage em blusão moletom NIMBUS. Modelagem unissex sem capuz. Feita no Brasil, para você.","<p>Para enfrentar os dragões da semana com o santo guerreiro do povo. São Jorge em halftone fiel à arte devocional.</p>
<h2>A peça</h2>
<p>50% algodão e 50% poliéster. Modelagem unissex sem capuz. Estampa em DTF. Cores disponíveis: Preta | Branca.</p>
<h2>Medidas</h2>
<p>AGUARDA CONFIRMAÇÃO DA YOUDRAW.</p>
<p>Compare as medidas com uma peça sua. Pode haver pequena variação de fabricação.</p>
<h2>Cuidados</h2>
<p>Lavar com água fria e sabão neutro; não usar alvejante, amaciante ou secadora; secar à sombra; passar do avesso.</p>
<h2>Produção e envio</h2>
<p>Feita no Brasil, com rastreio. Chega, após a confirmação do pagamento: São Paulo, 3 a 5 dias úteis; Sudeste, 4 a 6; Sul e Centro-Oeste, 5 a 7; Norte e Nordeste, 6 a 12. O prazo do checkout para o seu CEP prevalece.</p>
<p>Esta peça destina 10% do lucro ao projeto social da sua escolha, no checkout.</p>"
"352618903","São Jorge Vintage | Camiseta Oversized Premium","https://loja.nimbuswear.com.br/produtos/sao-jorge-vintage2/","RELIQUIA","Camiseta Oversized Premium","PRONTO PARA REVISÃO FINAL","Resolvido em 2026-07-29 por decisão do dono: vale a Central de Ajuda da YouDraw (240 g, consultada em 2026-07-21); as páginas de 165 g do marketplace são antigas.","São Jorge Vintage | Camiseta Oversized Premium | NIMBUS","São Jorge Vintage em camiseta oversized premium NIMBUS. Modelagem oversized unissex, mangas 3/4 e caimento solto. Feita no Brasil, para você.","<p>Para enfrentar os dragões da semana com o santo guerreiro do povo. São Jorge em halftone fiel à arte devocional.</p>
<h2>A peça</h2>
<p>100% algodão, com gramatura informada de 240 g. Modelagem oversized unissex, mangas 3/4 e caimento solto. Estampa em DTG. Cores disponíveis: Preta | Off-White.</p>
<h2>Medidas</h2>
<p>P 62x78; M 64x80; G 66x82; GG 68x84; EG 70x86 cm (largura x altura).</p>
<p>Compare as medidas com uma peça sua. Pode haver pequena variação de fabricação.</p>
<h2>Cuidados</h2>
<p>Lavar com água fria e sabão neutro; não usar alvejante, amaciante ou secadora; secar à sombra; passar do avesso.</p>
<h2>Produção e envio</h2>
<p>Feita no Brasil, com rastreio. Chega, após a confirmação do pagamento: São Paulo, 3 a 5 dias úteis; Sudeste, 4 a 6; Sul e Centro-Oeste, 5 a 7; Norte e Nordeste, 6 a 12. O prazo do checkout para o seu CEP prevalece.</p>
<p>Esta peça destina 10% do lucro ao projeto social da sua escolha, no checkout.</p>"
"352618935","São Jorge Vintage | Camiseta Premium","https://loja.nimbuswear.com.br/produtos/sao-jorge-vintage3/","RELIQUIA","Camiseta Premium","PRONTO PARA REVISÃO FINAL","","São Jorge Vintage | Camiseta Premium | NIMBUS","São Jorge Vintage em camiseta premium NIMBUS. Modelagem ajustada unissex. Feita no Brasil, para você.","<p>Para enfrentar os dragões da semana com o santo guerreiro do povo. São Jorge em halftone fiel à arte devocional.</p>
<h2>A peça</h2>
<p>100% algodão penteado, fio 30/1. Modelagem ajustada unissex. Estampa em DTG. Cores disponíveis: Branca | Preta.</p>
<h2>Medidas</h2>
<p>P 49,5x70,5; M 52,5x72; G 54x75,5; GG 60,5x81,5; EG 63x85 cm (largura x altura).</p>
<p>Compare as medidas com uma peça sua. Pode haver pequena variação de fabricação.</p>
<h2>Cuidados</h2>
<p>Lavar com água fria e sabão neutro; não usar alvejante, amaciante ou secadora; secar à sombra; passar do avesso.</p>
<h2>Produção e envio</h2>
<p>Feita no Brasil, com rastreio. Chega, após a confirmação do pagamento: São Paulo, 3 a 5 dias úteis; Sudeste, 4 a 6; Sul e Centro-Oeste, 5 a 7; Norte e Nordeste, 6 a 12. O prazo do checkout para o seu CEP prevalece.</p>
<p>Esta peça destina 10% do lucro ao projeto social da sua escolha, no checkout.</p>"
"352618878","São Jorge Vintage | Moletom Canguru","https://loja.nimbuswear.com.br/produtos/sao-jorge-vintage1/","RELIQUIA","Moletom Canguru","PRONTO PARA REVISÃO FINAL","","São Jorge Vintage | Moletom Canguru | NIMBUS","São Jorge Vintage em moletom canguru NIMBUS. Modelagem unissex com capuz e bolso canguru. Feita no Brasil, para você.","<p>Para enfrentar os dragões da semana com o santo guerreiro do povo. São Jorge em halftone fiel à arte devocional.</p>
<h2>A peça</h2>
<p>50% algodão e 50% poliéster, com gramatura informada de 300 g. Modelagem unissex com capuz e bolso canguru. Estampa em DTF. Cores disponíveis: Preta | Branca.</p>
<h2>Medidas</h2>
<p>P 52x60; M 55x64; G 58x65; GG 61x65; EG 69x70 cm (largura x altura).</p>
<p>Compare as medidas com uma peça sua. Pode haver pequena variação de fabricação.</p>
<h2>Cuidados</h2>
<p>Lavar com água fria e sabão neutro; não usar alvejante, amaciante ou secadora; secar à sombra; passar do avesso.</p>
<h2>Produção e envio</h2>
<p>Feita no Brasil, com rastreio. Chega, após a confirmação do pagamento: São Paulo, 3 a 5 dias úteis; Sudeste, 4 a 6; Sul e Centro-Oeste, 5 a 7; Norte e Nordeste, 6 a 12. O prazo do checkout para o seu CEP prevalece.</p>
<p>Esta peça destina 10% do lucro ao projeto social da sua escolha, no checkout.</p>"
"352407182","São Miguel Vintage | Camiseta Oversized Premium","https://loja.nimbuswear.com.br/produtos/sao-miguel-vintage2/","RELIQUIA","Camiseta Oversized Premium","PRONTO PARA REVISÃO FINAL","Resolvido em 2026-07-29 por decisão do dono: vale a Central de Ajuda da YouDraw (240 g, consultada em 2026-07-21); as páginas de 165 g do marketplace são antigas.","São Miguel Vintage | Camiseta Oversized Premium | NIMBUS","São Miguel Vintage em camiseta oversized premium NIMBUS. Modelagem oversized unissex, mangas 3/4 e caimento solto. Feita no Brasil, para você.","<p>Para andar sob a guarda do arcanjo, como na estampa de parede antiga. São Miguel em halftone fiel à imagem clássica.</p>
<h2>A peça</h2>
<p>100% algodão, com gramatura informada de 240 g. Modelagem oversized unissex, mangas 3/4 e caimento solto. Estampa em DTG. Cores disponíveis: Preta | Off-White.</p>
<h2>Medidas</h2>
<p>P 62x78; M 64x80; G 66x82; GG 68x84; EG 70x86 cm (largura x altura).</p>
<p>Compare as medidas com uma peça sua. Pode haver pequena variação de fabricação.</p>
<h2>Cuidados</h2>
<p>Lavar com água fria e sabão neutro; não usar alvejante, amaciante ou secadora; secar à sombra; passar do avesso.</p>
<h2>Produção e envio</h2>
<p>Feita no Brasil, com rastreio. Chega, após a confirmação do pagamento: São Paulo, 3 a 5 dias úteis; Sudeste, 4 a 6; Sul e Centro-Oeste, 5 a 7; Norte e Nordeste, 6 a 12. O prazo do checkout para o seu CEP prevalece.</p>
<p>Esta peça destina 10% do lucro ao projeto social da sua escolha, no checkout.</p>"
"352407196","São Miguel Vintage | Camiseta Premium","https://loja.nimbuswear.com.br/produtos/sao-miguel-vintage3/","RELIQUIA","Camiseta Premium","PRONTO PARA REVISÃO FINAL","","São Miguel Vintage | Camiseta Premium | NIMBUS","São Miguel Vintage em camiseta premium NIMBUS. Modelagem ajustada unissex. Feita no Brasil, para você.","<p>Para andar sob a guarda do arcanjo, como na estampa de parede antiga. São Miguel em halftone fiel à imagem clássica.</p>
<h2>A peça</h2>
<p>100% algodão penteado, fio 30/1. Modelagem ajustada unissex. Estampa em DTG. Cores disponíveis: Preta | Branca.</p>
<h2>Medidas</h2>
<p>P 49,5x70,5; M 52,5x72; G 54x75,5; GG 60,5x81,5; EG 63x85 cm (largura x altura).</p>
<p>Compare as medidas com uma peça sua. Pode haver pequena variação de fabricação.</p>
<h2>Cuidados</h2>
<p>Lavar com água fria e sabão neutro; não usar alvejante, amaciante ou secadora; secar à sombra; passar do avesso.</p>
<h2>Produção e envio</h2>
<p>Feita no Brasil, com rastreio. Chega, após a confirmação do pagamento: São Paulo, 3 a 5 dias úteis; Sudeste, 4 a 6; Sul e Centro-Oeste, 5 a 7; Norte e Nordeste, 6 a 12. O prazo do checkout para o seu CEP prevalece.</p>
<p>Esta peça destina 10% do lucro ao projeto social da sua escolha, no checkout.</p>"
"352407156","São Miguel Vintage | Moletom Canguru","https://loja.nimbuswear.com.br/produtos/sao-miguel-vintage1/","RELIQUIA","Moletom Canguru","PRONTO PARA REVISÃO FINAL","","São Miguel Vintage | Moletom Canguru | NIMBUS","São Miguel Vintage em moletom canguru NIMBUS. Modelagem unissex com capuz e bolso canguru. Feita no Brasil, para você.","<p>Para andar sob a guarda do arcanjo, como na estampa de parede antiga. São Miguel em halftone fiel à imagem clássica.</p>
<h2>A peça</h2>
<p>50% algodão e 50% poliéster, com gramatura informada de 300 g. Modelagem unissex com capuz e bolso canguru. Estampa em DTF. Cores disponíveis: Preta | Branca.</p>
<h2>Medidas</h2>
<p>P 52x60; M 55x64; G 58x65; GG 61x65; EG 69x70 cm (largura x altura).</p>
<p>Compare as medidas com uma peça sua. Pode haver pequena variação de fabricação.</p>
<h2>Cuidados</h2>
<p>Lavar com água fria e sabão neutro; não usar alvejante, amaciante ou secadora; secar à sombra; passar do avesso.</p>
<h2>Produção e envio</h2>
<p>Feita no Brasil, com rastreio. Chega, após a confirmação do pagamento: São Paulo, 3 a 5 dias úteis; Sudeste, 4 a 6; Sul e Centro-Oeste, 5 a 7; Norte e Nordeste, 6 a 12. O prazo do checkout para o seu CEP prevalece.</p>
<p>Esta peça destina 10% do lucro ao projeto social da sua escolha, no checkout.</p>"
"352728451","Acima de Tudo Grafite | Camiseta Oversized Premium","https://loja.nimbuswear.com.br/produtos/acima-de-tudo/","STREET","Camiseta Oversized Premium","PRONTO PARA REVISÃO FINAL","Resolvido em 2026-07-29 por decisão do dono: vale a Central de Ajuda da YouDraw (240 g, consultada em 2026-07-21); as páginas de 165 g do marketplace são antigas.","Acima de Tudo Grafite | Camiseta Oversized Premium | NIMBUS","Acima de Tudo Grafite em camiseta oversized premium NIMBUS. Modelagem oversized unissex, mangas 3/4 e caimento solto. Feita no Brasil, para você.","<p>Para dizer no que você acredita sem precisar falar. Acima de Tudo em letras de grafite wildstyle, com spray e respingos.</p>
<h2>A peça</h2>
<p>100% algodão, com gramatura informada de 240 g. Modelagem oversized unissex, mangas 3/4 e caimento solto. Estampa em DTG. Cores disponíveis: Off-White.</p>
<h2>Medidas</h2>
<p>P 62x78; M 64x80; G 66x82; GG 68x84; EG 70x86 cm (largura x altura).</p>
<p>Compare as medidas com uma peça sua. Pode haver pequena variação de fabricação.</p>
<h2>Cuidados</h2>
<p>Lavar com água fria e sabão neutro; não usar alvejante, amaciante ou secadora; secar à sombra; passar do avesso.</p>
<h2>Produção e envio</h2>
<p>Feita no Brasil, com rastreio. Chega, após a confirmação do pagamento: São Paulo, 3 a 5 dias úteis; Sudeste, 4 a 6; Sul e Centro-Oeste, 5 a 7; Norte e Nordeste, 6 a 12. O prazo do checkout para o seu CEP prevalece.</p>
<p>Esta peça destina 10% do lucro ao projeto social da sua escolha, no checkout.</p>"
"352728524","Acima de Tudo Grafite | Camiseta Premium","https://loja.nimbuswear.com.br/produtos/acima-de-tudo1/","STREET","Camiseta Premium","PRONTO PARA REVISÃO FINAL","","Acima de Tudo Grafite | Camiseta Premium | NIMBUS","Acima de Tudo Grafite em camiseta premium NIMBUS. Modelagem ajustada unissex. Feita no Brasil, para você.","<p>Para dizer no que você acredita sem precisar falar. Acima de Tudo em letras de grafite wildstyle, com spray e respingos.</p>
<h2>A peça</h2>
<p>100% algodão penteado, fio 30/1. Modelagem ajustada unissex. Estampa em DTG. Cores disponíveis: Branca.</p>
<h2>Medidas</h2>
<p>P 49,5x70,5; M 52,5x72; G 54x75,5; GG 60,5x81,5; EG 63x85 cm (largura x altura).</p>
<p>Compare as medidas com uma peça sua. Pode haver pequena variação de fabricação.</p>
<h2>Cuidados</h2>
<p>Lavar com água fria e sabão neutro; não usar alvejante, amaciante ou secadora; secar à sombra; passar do avesso.</p>
<h2>Produção e envio</h2>
<p>Feita no Brasil, com rastreio. Chega, após a confirmação do pagamento: São Paulo, 3 a 5 dias úteis; Sudeste, 4 a 6; Sul e Centro-Oeste, 5 a 7; Norte e Nordeste, 6 a 12. O prazo do checkout para o seu CEP prevalece.</p>
<p>Esta peça destina 10% do lucro ao projeto social da sua escolha, no checkout.</p>"
"352728277","Anjo da Guarda Stencil | Camiseta Oversized Premium","https://loja.nimbuswear.com.br/produtos/anjo-da-guarda/","STREET","Camiseta Oversized Premium","PRONTO PARA REVISÃO FINAL","Resolvido em 2026-07-29 por decisão do dono: vale a Central de Ajuda da YouDraw (240 g, consultada em 2026-07-21); as páginas de 165 g do marketplace são antigas.","Anjo da Guarda Stencil | Camiseta Oversized Premium | NIMBUS","Anjo da Guarda Stencil em camiseta oversized premium NIMBUS. Modelagem oversized unissex, mangas 3/4 e caimento solto. Feita no Brasil, para você.","<p>Para sair de casa com o seu anjo por perto, da manhã cheia à madrugada longa. O Anjo da Guarda em stencil de alto contraste.</p>
<h2>A peça</h2>
<p>100% algodão, com gramatura informada de 240 g. Modelagem oversized unissex, mangas 3/4 e caimento solto. Estampa em DTG. Cores disponíveis: Preta.</p>
<h2>Medidas</h2>
<p>P 62x78; M 64x80; G 66x82; GG 68x84; EG 70x86 cm (largura x altura).</p>
<p>Compare as medidas com uma peça sua. Pode haver pequena variação de fabricação.</p>
<h2>Cuidados</h2>
<p>Lavar com água fria e sabão neutro; não usar alvejante, amaciante ou secadora; secar à sombra; passar do avesso.</p>
<h2>Produção e envio</h2>
<p>Feita no Brasil, com rastreio. Chega, após a confirmação do pagamento: São Paulo, 3 a 5 dias úteis; Sudeste, 4 a 6; Sul e Centro-Oeste, 5 a 7; Norte e Nordeste, 6 a 12. O prazo do checkout para o seu CEP prevalece.</p>
<p>Esta peça destina 10% do lucro ao projeto social da sua escolha, no checkout.</p>"
"352728357","Anjo da Guarda Stencil | Camiseta Premium","https://loja.nimbuswear.com.br/produtos/anjo-da-guarda1/","STREET","Camiseta Premium","PRONTO PARA REVISÃO FINAL","","Anjo da Guarda Stencil | Camiseta Premium | NIMBUS","Anjo da Guarda Stencil em camiseta premium NIMBUS. Modelagem ajustada unissex. Feita no Brasil, para você.","<p>Para sair de casa com o seu anjo por perto, da manhã cheia à madrugada longa. O Anjo da Guarda em stencil de alto contraste.</p>
<h2>A peça</h2>
<p>100% algodão penteado, fio 30/1. Modelagem ajustada unissex. Estampa em DTG. Cores disponíveis: Preta.</p>
<h2>Medidas</h2>
<p>P 49,5x70,5; M 52,5x72; G 54x75,5; GG 60,5x81,5; EG 63x85 cm (largura x altura).</p>
<p>Compare as medidas com uma peça sua. Pode haver pequena variação de fabricação.</p>
<h2>Cuidados</h2>
<p>Lavar com água fria e sabão neutro; não usar alvejante, amaciante ou secadora; secar à sombra; passar do avesso.</p>
<h2>Produção e envio</h2>
<p>Feita no Brasil, com rastreio. Chega, após a confirmação do pagamento: São Paulo, 3 a 5 dias úteis; Sudeste, 4 a 6; Sul e Centro-Oeste, 5 a 7; Norte e Nordeste, 6 a 12. O prazo do checkout para o seu CEP prevalece.</p>
<p>Esta peça destina 10% do lucro ao projeto social da sua escolha, no checkout.</p>"
"352727892","Aparecida Spray | Blusão Moletom","https://loja.nimbuswear.com.br/produtos/aparecida-spray1/","STREET","Blusão Moletom","BLOQUEADO POR DADO YOUDRAW","A Central de Ajuda informa material e modelagem, mas não publica a tabela de medidas do moletom sem capuz.","Aparecida Spray | Blusão Moletom | NIMBUS","Aparecida Spray em blusão moletom NIMBUS. Modelagem unissex sem capuz. Feita no Brasil, para você.","<p>Para levar a mãe do Brasil no peito, em qualquer rua. Nossa Senhora Aparecida em stencil de spray dourado, com as cores do Brasil.</p>
<h2>A peça</h2>
<p>50% algodão e 50% poliéster. Modelagem unissex sem capuz. Estampa em DTF. Cores disponíveis: Preta.</p>
<h2>Medidas</h2>
<p>AGUARDA CONFIRMAÇÃO DA YOUDRAW.</p>
<p>Compare as medidas com uma peça sua. Pode haver pequena variação de fabricação.</p>
<h2>Cuidados</h2>
<p>Lavar com água fria e sabão neutro; não usar alvejante, amaciante ou secadora; secar à sombra; passar do avesso.</p>
<h2>Produção e envio</h2>
<p>Feita no Brasil, com rastreio. Chega, após a confirmação do pagamento: São Paulo, 3 a 5 dias úteis; Sudeste, 4 a 6; Sul e Centro-Oeste, 5 a 7; Norte e Nordeste, 6 a 12. O prazo do checkout para o seu CEP prevalece.</p>
<p>Esta peça destina 10% do lucro ao projeto social da sua escolha, no checkout.</p>"
"352728019","Aparecida Spray | Camiseta Oversized Premium","https://loja.nimbuswear.com.br/produtos/aparecida-spray2/","STREET","Camiseta Oversized Premium","PRONTO PARA REVISÃO FINAL","Resolvido em 2026-07-29 por decisão do dono: vale a Central de Ajuda da YouDraw (240 g, consultada em 2026-07-21); as páginas de 165 g do marketplace são antigas.","Aparecida Spray | Camiseta Oversized Premium | NIMBUS","Aparecida Spray em camiseta oversized premium NIMBUS. Modelagem oversized unissex, mangas 3/4 e caimento solto. Feita no Brasil, para você.","<p>Para levar a mãe do Brasil no peito, em qualquer rua. Nossa Senhora Aparecida em stencil de spray dourado, com as cores do Brasil.</p>
<h2>A peça</h2>
<p>100% algodão, com gramatura informada de 240 g. Modelagem oversized unissex, mangas 3/4 e caimento solto. Estampa em DTG. Cores disponíveis: Preta.</p>
<h2>Medidas</h2>
<p>P 62x78; M 64x80; G 66x82; GG 68x84; EG 70x86 cm (largura x altura).</p>
<p>Compare as medidas com uma peça sua. Pode haver pequena variação de fabricação.</p>
<h2>Cuidados</h2>
<p>Lavar com água fria e sabão neutro; não usar alvejante, amaciante ou secadora; secar à sombra; passar do avesso.</p>
<h2>Produção e envio</h2>
<p>Feita no Brasil, com rastreio. Chega, após a confirmação do pagamento: São Paulo, 3 a 5 dias úteis; Sudeste, 4 a 6; Sul e Centro-Oeste, 5 a 7; Norte e Nordeste, 6 a 12. O prazo do checkout para o seu CEP prevalece.</p>
<p>Esta peça destina 10% do lucro ao projeto social da sua escolha, no checkout.</p>"
"352889132","Aparecida Spray | Camiseta Premium","https://loja.nimbuswear.com.br/produtos/aparecida-spray3/","STREET","Camiseta Premium","PRONTO PARA REVISÃO FINAL","","Aparecida Spray | Camiseta Premium | NIMBUS","Aparecida Spray em camiseta premium NIMBUS. Modelagem ajustada unissex. Feita no Brasil, para você.","<p>Para levar a mãe do Brasil no peito, em qualquer rua. Nossa Senhora Aparecida em stencil de spray dourado, com as cores do Brasil.</p>
<h2>A peça</h2>
<p>100% algodão penteado, fio 30/1. Modelagem ajustada unissex. Estampa em DTG. Cores disponíveis: Preta.</p>
<h2>Medidas</h2>
<p>P 49,5x70,5; M 52,5x72; G 54x75,5; GG 60,5x81,5; EG 63x85 cm (largura x altura).</p>
<p>Compare as medidas com uma peça sua. Pode haver pequena variação de fabricação.</p>
<h2>Cuidados</h2>
<p>Lavar com água fria e sabão neutro; não usar alvejante, amaciante ou secadora; secar à sombra; passar do avesso.</p>
<h2>Produção e envio</h2>
<p>Feita no Brasil, com rastreio. Chega, após a confirmação do pagamento: São Paulo, 3 a 5 dias úteis; Sudeste, 4 a 6; Sul e Centro-Oeste, 5 a 7; Norte e Nordeste, 6 a 12. O prazo do checkout para o seu CEP prevalece.</p>
<p>Esta peça destina 10% do lucro ao projeto social da sua escolha, no checkout.</p>"
"352721477","Espírito Santo Spray | Camiseta Premium","https://loja.nimbuswear.com.br/produtos/espirito-santo1/","STREET","Camiseta Premium","PRONTO PARA REVISÃO FINAL","","Espírito Santo Spray | Camiseta Premium | NIMBUS","Espírito Santo Spray em camiseta premium NIMBUS. Modelagem ajustada unissex. Feita no Brasil, para você.","<p>Para pedir o sopro do Espírito nos dias que pedem coragem. A pomba em stencil de spray, asas abertas e raios.</p>
<h2>A peça</h2>
<p>100% algodão penteado, fio 30/1. Modelagem ajustada unissex. Estampa em DTG. Cores disponíveis: Preta | Branca.</p>
<h2>Medidas</h2>
<p>P 49,5x70,5; M 52,5x72; G 54x75,5; GG 60,5x81,5; EG 63x85 cm (largura x altura).</p>
<p>Compare as medidas com uma peça sua. Pode haver pequena variação de fabricação.</p>
<h2>Cuidados</h2>
<p>Lavar com água fria e sabão neutro; não usar alvejante, amaciante ou secadora; secar à sombra; passar do avesso.</p>
<h2>Produção e envio</h2>
<p>Feita no Brasil, com rastreio. Chega, após a confirmação do pagamento: São Paulo, 3 a 5 dias úteis; Sudeste, 4 a 6; Sul e Centro-Oeste, 5 a 7; Norte e Nordeste, 6 a 12. O prazo do checkout para o seu CEP prevalece.</p>
<p>Esta peça destina 10% do lucro ao projeto social da sua escolha, no checkout.</p>"
"352721118","Fé Wildstyle | Camiseta Oversized Premium","https://loja.nimbuswear.com.br/produtos/fe2/","STREET","Camiseta Oversized Premium","PRONTO PARA REVISÃO FINAL","Resolvido em 2026-07-29 por decisão do dono: vale a Central de Ajuda da YouDraw (240 g, consultada em 2026-07-21); as páginas de 165 g do marketplace são antigas.","Fé Wildstyle | Camiseta Oversized Premium | NIMBUS","Fé Wildstyle em camiseta oversized premium NIMBUS. Modelagem oversized unissex, mangas 3/4 e caimento solto. Feita no Brasil, para você.","<p>Para vestir a palavra que segura todo o resto. Fé em grafite wildstyle, curta, direta e cheia de cor.</p>
<h2>A peça</h2>
<p>100% algodão, com gramatura informada de 240 g. Modelagem oversized unissex, mangas 3/4 e caimento solto. Estampa em DTG. Cores disponíveis: Preta | Off-White.</p>
<h2>Medidas</h2>
<p>P 62x78; M 64x80; G 66x82; GG 68x84; EG 70x86 cm (largura x altura).</p>
<p>Compare as medidas com uma peça sua. Pode haver pequena variação de fabricação.</p>
<h2>Cuidados</h2>
<p>Lavar com água fria e sabão neutro; não usar alvejante, amaciante ou secadora; secar à sombra; passar do avesso.</p>
<h2>Produção e envio</h2>
<p>Feita no Brasil, com rastreio. Chega, após a confirmação do pagamento: São Paulo, 3 a 5 dias úteis; Sudeste, 4 a 6; Sul e Centro-Oeste, 5 a 7; Norte e Nordeste, 6 a 12. O prazo do checkout para o seu CEP prevalece.</p>
<p>Esta peça destina 10% do lucro ao projeto social da sua escolha, no checkout.</p>"
"352721197","Fé Wildstyle | Camiseta Premium","https://loja.nimbuswear.com.br/produtos/fe3/","STREET","Camiseta Premium","PRONTO PARA REVISÃO FINAL","","Fé Wildstyle | Camiseta Premium | NIMBUS","Fé Wildstyle em camiseta premium NIMBUS. Modelagem ajustada unissex. Feita no Brasil, para você.","<p>Para vestir a palavra que segura todo o resto. Fé em grafite wildstyle, curta, direta e cheia de cor.</p>
<h2>A peça</h2>
<p>100% algodão penteado, fio 30/1. Modelagem ajustada unissex. Estampa em DTG. Cores disponíveis: Preta | Branca.</p>
<h2>Medidas</h2>
<p>P 49,5x70,5; M 52,5x72; G 54x75,5; GG 60,5x81,5; EG 63x85 cm (largura x altura).</p>
<p>Compare as medidas com uma peça sua. Pode haver pequena variação de fabricação.</p>
<h2>Cuidados</h2>
<p>Lavar com água fria e sabão neutro; não usar alvejante, amaciante ou secadora; secar à sombra; passar do avesso.</p>
<h2>Produção e envio</h2>
<p>Feita no Brasil, com rastreio. Chega, após a confirmação do pagamento: São Paulo, 3 a 5 dias úteis; Sudeste, 4 a 6; Sul e Centro-Oeste, 5 a 7; Norte e Nordeste, 6 a 12. O prazo do checkout para o seu CEP prevalece.</p>
<p>Esta peça destina 10% do lucro ao projeto social da sua escolha, no checkout.</p>"
"352721633","NIMBUS Wildstyle | Camiseta Oversized Premium","https://loja.nimbuswear.com.br/produtos/wildstyle3/","STREET","Camiseta Oversized Premium","PRONTO PARA REVISÃO FINAL","Resolvido em 2026-07-29 por decisão do dono: vale a Central de Ajuda da YouDraw (240 g, consultada em 2026-07-21); as páginas de 165 g do marketplace são antigas.","NIMBUS Wildstyle | Camiseta Oversized Premium | NIMBUS","NIMBUS Wildstyle em camiseta oversized premium NIMBUS. Modelagem oversized unissex, mangas 3/4 e caimento solto. Feita no Brasil, para você.","<p>Para assinar a fé com a energia da rua. NIMBUS em grafite wildstyle, spray e contorno marcado, com uma auréola sobre a letra.</p>
<h2>A peça</h2>
<p>100% algodão, com gramatura informada de 240 g. Modelagem oversized unissex, mangas 3/4 e caimento solto. Estampa em DTG. Cores disponíveis: Preta | Off-White.</p>
<h2>Medidas</h2>
<p>P 62x78; M 64x80; G 66x82; GG 68x84; EG 70x86 cm (largura x altura).</p>
<p>Compare as medidas com uma peça sua. Pode haver pequena variação de fabricação.</p>
<h2>Cuidados</h2>
<p>Lavar com água fria e sabão neutro; não usar alvejante, amaciante ou secadora; secar à sombra; passar do avesso.</p>
<h2>Produção e envio</h2>
<p>Feita no Brasil, com rastreio. Chega, após a confirmação do pagamento: São Paulo, 3 a 5 dias úteis; Sudeste, 4 a 6; Sul e Centro-Oeste, 5 a 7; Norte e Nordeste, 6 a 12. O prazo do checkout para o seu CEP prevalece.</p>
<p>Esta peça destina 10% do lucro ao projeto social da sua escolha, no checkout.</p>"
"355581274","NIMBUS Wildstyle | Ecobag","https://loja.nimbuswear.com.br/produtos/wildstyle/","STREET","Ecobag","PRONTO PARA REVISÃO FINAL","Resolvido em 2026-07-29: método de impressão removido da copy até confirmação; capacidade/peso seguem como lacuna não publicada.","NIMBUS Wildstyle | Ecobag | NIMBUS","NIMBUS Wildstyle em ecobag NIMBUS. Bolsa reutilizável. Feita no Brasil, para você.","<p>Para assinar a fé com a energia da rua. NIMBUS em grafite wildstyle, spray e contorno marcado, com uma auréola sobre a letra.</p>
<h2>A peça</h2>
<p>100% algodão. Bolsa reutilizável. Cor: crua, no algodão natural.</p>
<h2>Medidas</h2>
<p>41x35 cm; alças de 60 cm.</p>
<p>Compare as medidas com uma peça sua. Pode haver pequena variação de fabricação.</p>
<h2>Cuidados</h2>
<p>Lavar à mão com água fria e sabão neutro. Secar à sombra. Não passar sobre a estampa.</p>
<h2>Produção e envio</h2>
<p>Feita no Brasil, com rastreio. Chega, após a confirmação do pagamento: São Paulo, 3 a 5 dias úteis; Sudeste, 4 a 6; Sul e Centro-Oeste, 5 a 7; Norte e Nordeste, 6 a 12. O prazo do checkout para o seu CEP prevalece.</p>
<p>Esta peça destina 10% do lucro ao projeto social da sua escolha, no checkout.</p>"
"352725749","Querubim Spray | Camiseta Oversized Premium","https://loja.nimbuswear.com.br/produtos/querubim-spray/","STREET","Camiseta Oversized Premium","PRONTO PARA REVISÃO FINAL","Resolvido em 2026-07-29 por decisão do dono: vale a Central de Ajuda da YouDraw (240 g, consultada em 2026-07-21); as páginas de 165 g do marketplace são antigas.","Querubim Spray | Camiseta Oversized Premium | NIMBUS","Querubim Spray em camiseta oversized premium NIMBUS. Modelagem oversized unissex, mangas 3/4 e caimento solto. Feita no Brasil, para você.","<p>Para levar um anjo barroco no traço da rua. O querubim recriado em stencil de spray, com textura de lata e leve respingo.</p>
<h2>A peça</h2>
<p>100% algodão, com gramatura informada de 240 g. Modelagem oversized unissex, mangas 3/4 e caimento solto. Estampa em DTG. Cores disponíveis: Preta | Off-White.</p>
<h2>Medidas</h2>
<p>P 62x78; M 64x80; G 66x82; GG 68x84; EG 70x86 cm (largura x altura).</p>
<p>Compare as medidas com uma peça sua. Pode haver pequena variação de fabricação.</p>
<h2>Cuidados</h2>
<p>Lavar com água fria e sabão neutro; não usar alvejante, amaciante ou secadora; secar à sombra; passar do avesso.</p>
<h2>Produção e envio</h2>
<p>Feita no Brasil, com rastreio. Chega, após a confirmação do pagamento: São Paulo, 3 a 5 dias úteis; Sudeste, 4 a 6; Sul e Centro-Oeste, 5 a 7; Norte e Nordeste, 6 a 12. O prazo do checkout para o seu CEP prevalece.</p>
<p>Esta peça destina 10% do lucro ao projeto social da sua escolha, no checkout.</p>"
"352725852","Querubim Spray | Camiseta Premium","https://loja.nimbuswear.com.br/produtos/querubim-spray1/","STREET","Camiseta Premium","PRONTO PARA REVISÃO FINAL","","Querubim Spray | Camiseta Premium | NIMBUS","Querubim Spray em camiseta premium NIMBUS. Modelagem ajustada unissex. Feita no Brasil, para você.","<p>Para levar um anjo barroco no traço da rua. O querubim recriado em stencil de spray, com textura de lata e leve respingo.</p>
<h2>A peça</h2>
<p>100% algodão penteado, fio 30/1. Modelagem ajustada unissex. Estampa em DTG. Cores disponíveis: Preta | Branca.</p>
<h2>Medidas</h2>
<p>P 49,5x70,5; M 52,5x72; G 54x75,5; GG 60,5x81,5; EG 63x85 cm (largura x altura).</p>
<p>Compare as medidas com uma peça sua. Pode haver pequena variação de fabricação.</p>
<h2>Cuidados</h2>
<p>Lavar com água fria e sabão neutro; não usar alvejante, amaciante ou secadora; secar à sombra; passar do avesso.</p>
<h2>Produção e envio</h2>
<p>Feita no Brasil, com rastreio. Chega, após a confirmação do pagamento: São Paulo, 3 a 5 dias úteis; Sudeste, 4 a 6; Sul e Centro-Oeste, 5 a 7; Norte e Nordeste, 6 a 12. O prazo do checkout para o seu CEP prevalece.</p>
<p>Esta peça destina 10% do lucro ao projeto social da sua escolha, no checkout.</p>"
"352722232","Sagrado Coração Spray | Camiseta Premium","https://loja.nimbuswear.com.br/produtos/sagrado-coracao-spray1/","STREET","Camiseta Premium","PRONTO PARA REVISÃO FINAL","","Sagrado Coração Spray | Camiseta Premium | NIMBUS","Sagrado Coração Spray em camiseta premium NIMBUS. Modelagem ajustada unissex. Feita no Brasil, para você.","<p>Para andar com o Coração de Jesus por perto. Stencil de spray com coroa de espinhos e chama, em dourado ou em preto.</p>
<h2>A peça</h2>
<p>100% algodão penteado, fio 30/1. Modelagem ajustada unissex. Estampa em DTG. Cores disponíveis: Branca.</p>
<h2>Medidas</h2>
<p>P 49,5x70,5; M 52,5x72; G 54x75,5; GG 60,5x81,5; EG 63x85 cm (largura x altura).</p>
<p>Compare as medidas com uma peça sua. Pode haver pequena variação de fabricação.</p>
<h2>Cuidados</h2>
<p>Lavar com água fria e sabão neutro; não usar alvejante, amaciante ou secadora; secar à sombra; passar do avesso.</p>
<h2>Produção e envio</h2>
<p>Feita no Brasil, com rastreio. Chega, após a confirmação do pagamento: São Paulo, 3 a 5 dias úteis; Sudeste, 4 a 6; Sul e Centro-Oeste, 5 a 7; Norte e Nordeste, 6 a 12. O prazo do checkout para o seu CEP prevalece.</p>
<p>Esta peça destina 10% do lucro ao projeto social da sua escolha, no checkout.</p>"
"352727545","São Miguel Vitorioso | Camiseta Oversized Premium","https://loja.nimbuswear.com.br/produtos/arcanjo-spray2/","STREET","Camiseta Oversized Premium","PRONTO PARA REVISÃO FINAL","Resolvido em 2026-07-29 por decisão do dono: vale a Central de Ajuda da YouDraw (240 g, consultada em 2026-07-21); as páginas de 165 g do marketplace são antigas.","São Miguel Vitorioso | Camiseta Oversized Premium | NIMBUS","São Miguel Vitorioso em camiseta oversized premium NIMBUS. Modelagem oversized unissex, mangas 3/4 e caimento solto. Feita no Brasil, para você.","<p>Para pedir a força de São Miguel nas lutas de todo dia. O arcanjo vencendo o dragão em stencil de spray dourado.</p>
<h2>A peça</h2>
<p>100% algodão, com gramatura informada de 240 g. Modelagem oversized unissex, mangas 3/4 e caimento solto. Estampa em DTG. Cores disponíveis: Preta | Off-White.</p>
<h2>Medidas</h2>
<p>P 62x78; M 64x80; G 66x82; GG 68x84; EG 70x86 cm (largura x altura).</p>
<p>Compare as medidas com uma peça sua. Pode haver pequena variação de fabricação.</p>
<h2>Cuidados</h2>
<p>Lavar com água fria e sabão neutro; não usar alvejante, amaciante ou secadora; secar à sombra; passar do avesso.</p>
<h2>Produção e envio</h2>
<p>Feita no Brasil, com rastreio. Chega, após a confirmação do pagamento: São Paulo, 3 a 5 dias úteis; Sudeste, 4 a 6; Sul e Centro-Oeste, 5 a 7; Norte e Nordeste, 6 a 12. O prazo do checkout para o seu CEP prevalece.</p>
<p>Esta peça destina 10% do lucro ao projeto social da sua escolha, no checkout.</p>"
"352898175","São Miguel Vitorioso | Camiseta Premium","https://loja.nimbuswear.com.br/produtos/arcanjo-spray3/","STREET","Camiseta Premium","PRONTO PARA REVISÃO FINAL","","São Miguel Vitorioso | Camiseta Premium | NIMBUS","São Miguel Vitorioso em camiseta premium NIMBUS. Modelagem ajustada unissex. Feita no Brasil, para você.","<p>Para pedir a força de São Miguel nas lutas de todo dia. O arcanjo vencendo o dragão em stencil de spray dourado.</p>
<h2>A peça</h2>
<p>100% algodão penteado, fio 30/1. Modelagem ajustada unissex. Estampa em DTG. Cores disponíveis: Preta | Branca.</p>
<h2>Medidas</h2>
<p>P 49,5x70,5; M 52,5x72; G 54x75,5; GG 60,5x81,5; EG 63x85 cm (largura x altura).</p>
<p>Compare as medidas com uma peça sua. Pode haver pequena variação de fabricação.</p>
<h2>Cuidados</h2>
<p>Lavar com água fria e sabão neutro; não usar alvejante, amaciante ou secadora; secar à sombra; passar do avesso.</p>
<h2>Produção e envio</h2>
<p>Feita no Brasil, com rastreio. Chega, após a confirmação do pagamento: São Paulo, 3 a 5 dias úteis; Sudeste, 4 a 6; Sul e Centro-Oeste, 5 a 7; Norte e Nordeste, 6 a 12. O prazo do checkout para o seu CEP prevalece.</p>
<p>Esta peça destina 10% do lucro ao projeto social da sua escolha, no checkout.</p>"
"352726673","São Miguel Vitorioso | Moletom Canguru","https://loja.nimbuswear.com.br/produtos/arcanjo-spray1/","STREET","Moletom Canguru","PRONTO PARA REVISÃO FINAL","","São Miguel Vitorioso | Moletom Canguru | NIMBUS","São Miguel Vitorioso em moletom canguru NIMBUS. Modelagem unissex com capuz e bolso canguru. Feita no Brasil, para você.","<p>Para pedir a força de São Miguel nas lutas de todo dia. O arcanjo vencendo o dragão em stencil de spray dourado.</p>
<h2>A peça</h2>
<p>50% algodão e 50% poliéster, com gramatura informada de 300 g. Modelagem unissex com capuz e bolso canguru. Estampa em DTF. Cores disponíveis: Preta | Branca.</p>
<h2>Medidas</h2>
<p>P 52x60; M 55x64; G 58x65; GG 61x65; EG 69x70 cm (largura x altura).</p>
<p>Compare as medidas com uma peça sua. Pode haver pequena variação de fabricação.</p>
<h2>Cuidados</h2>
<p>Lavar com água fria e sabão neutro; não usar alvejante, amaciante ou secadora; secar à sombra; passar do avesso.</p>
<h2>Produção e envio</h2>
<p>Feita no Brasil, com rastreio. Chega, após a confirmação do pagamento: São Paulo, 3 a 5 dias úteis; Sudeste, 4 a 6; Sul e Centro-Oeste, 5 a 7; Norte e Nordeste, 6 a 12. O prazo do checkout para o seu CEP prevalece.</p>
<p>Esta peça destina 10% do lucro ao projeto social da sua escolha, no checkout.</p>"
